{
  "vehicles": [
    {
      "id": 1,
      "description": "Courier 1",
      "start": [52.235915, 20.994911],
      "end": [52.235915, 20.994911],
      "time_window": [28800, 57600]
    }
  ],
  "jobs": [
    {
      "id": 1,
      "description": "Delivery to site 1",
      "location": [52.236026, 20.992223],
      "time_windows": [[28800, 32400]]
    },
    {
      "id": 2,
      "description": "Delivery to site 2",
      "location": [52.23837, 21.00856],
      "time_windows": [[32400, 36000]]
    },
    {
      "id": 3,
      "description": "Delivery to site 3",
      "location": [52.232295, 21.025987],
      "time_windows": [[28800, 29500]]
    },
    {
      "id": 4,
      "description": "Delivery to site 4",
      "location": [52.219072, 20.991064],
      "time_windows": [[39600, 41000]]
    }
  ],
  "options": {
    "g": false
  }
}
